sharpe,annual_return,crisis_return,z,th,sw,sth,ddw,ddt,cw
0.5510194453127446,0.07710528345714729,-0.6412353583844562,10,1.5,20,-0.03,50,-0.03,0.2
0.5449064387533444,0.07606849242877955,-0.6391963566008073,10,1.5,20,-0.03,50,-0.03,0.3
0.5388015489836022,0.07503704729236804,-0.6372883236022742,10,1.5,20,-0.03,50,-0.03,0.4
0.5510194453127446,0.07710528345714729,-0.6412353583844562,10,1.5,20,-0.03,50,-0.05,0.2
0.5449064387533444,0.07606849242877955,-0.6391963566008073,10,1.5,20,-0.03,50,-0.05,0.3
0.5388015489836022,0.07503704729236804,-0.6372883236022742,10,1.5,20,-0.03,50,-0.05,0.4
0.6142638715410865,0.08653399259637751,-0.6409942333320531,10,1.5,20,-0.03,100,-0.03,0.2
0.6080125355241126,0.08548205943454357,-0.6390112168115856,10,1.5,20,-0.03,100,-0.03,0.3
0.6018649746386332,0.0844519499459424,-0.63702963925516,10,1.5,20,-0.03,100,-0.03,0.4
0.6142638715410865,0.08653399259637751,-0.6409942333320531,10,1.5,20,-0.03,100,-0.05,0.2
0.6080125355241126,0.08548205943454357,-0.6390112168115856,10,1.5,20,-0.03,100,-0.05,0.3
0.6018649746386332,0.0844519499459424,-0.63702963925516,10,1.5,20,-0.03,100,-0.05,0.4
0.5497712127501458,0.07689677015274099,-0.6441741011356634,10,1.5,20,-0.05,50,-0.03,0.2
0.5432053277090123,0.07578605706325092,-0.6438145299883242,10,1.5,20,-0.05,50,-0.03,0.3
0.5365799223146908,0.074669142439856,-0.6433337988707184,10,1.5,20,-0.05,50,-0.03,0.4
0.5497712127501458,0.07689677015274099,-0.6441741011356634,10,1.5,20,-0.05,50,-0.05,0.2
0.5432053277090123,0.07578605706325092,-0.6438145299883242,10,1.5,20,-0.05,50,-0.05,0.3
0.5365799223146908,0.074669142439856,-0.6433337988707184,10,1.5,20,-0.05,50,-0.05,0.4
0.6129191941229691,0.08631192963175316,-0.6440417002412959,10,1.5,20,-0.05,100,-0.03,0.2
0.6063331007994349,0.08520698048017517,-0.6435489997562261,10,1.5,20,-0.05,100,-0.03,0.3
0.5996306608248383,0.08408689017658322,-0.6430425517651929,10,1.5,20,-0.05,100,-0.03,0.4
0.6129191941229691,0.08631192963175316,-0.6440417002412959,10,1.5,20,-0.05,100,-0.05,0.2
0.6063331007994349,0.08520698048017517,-0.6435489997562261,10,1.5,20,-0.05,100,-0.05,0.3
0.5996306608248383,0.08408689017658322,-0.6430425517651929,10,1.5,20,-0.05,100,-0.05,0.4
0.54912123056582,0.07678621147028242,-0.6443943280874955,10,1.5,40,-0.03,50,-0.03,0.2
0.5420128493717724,0.07558286937848013,-0.6440353039107574,10,1.5,40,-0.03,50,-0.03,0.3
0.5348598498219527,0.07437658767965738,-0.6438911277324351,10,1.5,40,-0.03,50,-0.03,0.4
0.54912123056582,0.07678621147028242,-0.6443943280874955,10,1.5,40,-0.03,50,-0.05,0.2
0.5420128493717724,0.07558286937848013,-0.6440353039107574,10,1.5,40,-0.03,50,-0.05,0.3
0.5348598498219527,0.07437658767965738,-0.6438911277324351,10,1.5,40,-0.03,50,-0.05,0.4
0.6122393023814767,0.08619706285359041,-0.6442939924698562,10,1.5,40,-0.03,100,-0.03,0.2
0.6048798773007421,0.08496193760492421,-0.6440349302492108,10,1.5,40,-0.03,100,-0.03,0.3
0.5975474069699309,0.08373624859897277,-0.6438630540961569,10,1.5,40,-0.03,100,-0.03,0.4
0.6122393023814767,0.08619706285359041,-0.6442939924698562,10,1.5,40,-0.03,100,-0.05,0.2
0.6048798773007421,0.08496193760492421,-0.6440349302492108,10,1.5,40,-0.03,100,-0.05,0.3
0.5975474069699309,0.08373624859897277,-0.6438630540961569,10,1.5,40,-0.03,100,-0.05,0.4
0.5577287560032445,0.07823685315357554,-0.6465402343806481,10,1.5,40,-0.05,50,-0.03,0.2
0.5554938785575586,0.07785050456839637,-0.6472947029815503,10,1.5,40,-0.05,50,-0.03,0.3
0.5531837204218235,0.0774520806539285,-0.6480793533266249,10,1.5,40,-0.05,50,-0.03,0.4
0.5577287560032445,0.07823685315357554,-0.6465402343806481,10,1.5,40,-0.05,50,-0.05,0.2
0.5554938785575586,0.07785050456839637,-0.6472947029815503,10,1.5,40,-0.05,50,-0.05,0.3
0.5531837204218235,0.0774520806539285,-0.6480793533266249,10,1.5,40,-0.05,50,-0.05,0.4
0.6210596192575865,0.08766848059579924,-0.6465648856861084,10,1.5,40,-0.05,100,-0.03,0.2
0.6187485581748838,0.08727055106160542,-0.6474128065094198,10,1.5,40,-0.05,100,-0.03,0.3
0.6163579618365241,0.0868600834987816,-0.6482946479571112,10,1.5,40,-0.05,100,-0.03,0.4
0.6210596192575865,0.08766848059579924,-0.6465648856861084,10,1.5,40,-0.05,100,-0.05,0.2
0.6187485581748838,0.08727055106160542,-0.6474128065094198,10,1.5,40,-0.05,100,-0.05,0.3
0.6163579618365241,0.0868600834987816,-0.6482946479571112,10,1.5,40,-0.05,100,-0.05,0.4
0.5613732205632201,0.07887084115544618,-0.6453782153592984,10,1.5,60,-0.03,50,-0.03,0.2
0.5608798613390408,0.07878606843249747,-0.6453909874946973,10,1.5,60,-0.03,50,-0.03,0.3
0.5603120688604615,0.0786893244416289,-0.6456430161455502,10,1.5,60,-0.03,50,-0.03,0.4
0.5613732205632201,0.07887084115544618,-0.6453782153592984,10,1.5,60,-0.03,50,-0.05,0.2
0.5608798613390408,0.07878606843249747,-0.6453909874946973,10,1.5,60,-0.03,50,-0.05,0.3
0.5603120688604615,0.0786893244416289,-0.6456430161455502,10,1.5,60,-0.03,50,-0.05,0.4
0.6249190368869175,0.08833747337736853,-0.6450926720501262,10,1.5,60,-0.03,100,-0.03,0.2
0.6242780975952787,0.08822853326681734,-0.6453093471314089,10,1.5,60,-0.03,100,-0.03,0.3
0.6237311251406996,0.08813603337157438,-0.6455897793611961,10,1.5,60,-0.03,100,-0.03,0.4
0.6249190368869175,0.08833747337736853,-0.6450926720501262,10,1.5,60,-0.03,100,-0.05,0.2
0.6242780975952787,0.08822853326681734,-0.6453093471314089,10,1.5,60,-0.03,100,-0.05,0.3
0.6237311251406996,0.08813603337157438,-0.6455897793611961,10,1.5,60,-0.03,100,-0.05,0.4
0.561549783921808,0.07890100249431153,-0.6453233730037172,10,1.5,60,-0.05,50,-0.03,0.2
0.5613372572842619,0.07886480408789498,-0.6454289012064311,10,1.5,60,-0.05,50,-0.03,0.3
0.5611148051487223,0.07882693800004503,-0.6455387875711749,10,1.5,60,-0.05,50,-0.03,0.4
0.561549783921808,0.07890100249431153,-0.6453233730037172,10,1.5,60,-0.05,50,-0.05,0.2
0.5613372572842619,0.07886480408789498,-0.6454289012064311,10,1.5,60,-0.05,50,-0.05,0.3
0.5611148051487223,0.07882693800004503,-0.6455387875711749,10,1.5,60,-0.05,50,-0.05,0.4
0.6250033209556869,0.08835205484511643,-0.6451781983080735,10,1.5,60,-0.05,100,-0.03,0.2
0.6247829003892291,0.08831482359819054,-0.6452846175987389,10,1.5,60,-0.05,100,-0.03,0.3
0.624552147203251,0.0882758743907035,-0.6453954321134014,10,1.5,60,-0.05,100,-0.03,0.4
0.6250033209556869,0.08835205484511643,-0.6451781983080735,10,1.5,60,-0.05,100,-0.05,0.2
0.6247829003892291,0.08831482359819054,-0.6452846175987389,10,1.5,60,-0.05,100,-0.05,0.3
0.624552147203251,0.0882758743907035,-0.6453954321134014,10,1.5,60,-0.05,100,-0.05,0.4
0.7770635078368675,0.11546162097658019,-0.639518519211657,10,2.0,20,-0.03,50,-0.03,0.2
0.7719614457768553,0.11456456179978725,-0.6376827377213292,10,2.0,20,-0.03,50,-0.03,0.3
0.7667582348524137,0.11365635327979273,-0.6359963272641106,10,2.0,20,-0.03,50,-0.03,0.4
0.7770635078368675,0.11546162097658019,-0.639518519211657,10,2.0,20,-0.03,50,-0.05,0.2
0.7719614457768553,0.11456456179978725,-0.6376827377213292,10,2.0,20,-0.03,50,-0.05,0.3
0.7667582348524137,0.11365635327979273,-0.6359963272641106,10,2.0,20,-0.03,50,-0.05,0.4
0.7939521574228863,0.1160089687817969,-0.6393157795672642,10,2.0,20,-0.03,100,-0.03,0.2
0.7887000185235131,0.1151038469082335,-0.6375418237094761,10,2.0,20,-0.03,100,-0.03,0.3
0.783454219568396,0.11420638165829744,-0.63578572450788,10,2.0,20,-0.03,100,-0.03,0.4
0.7939521574228863,0.1160089687817969,-0.6393157795672642,10,2.0,20,-0.03,100,-0.05,0.2
0.7887000185235131,0.1151038469082335,-0.6375418237094761,10,2.0,20,-0.03,100,-0.05,0.3
0.783454219568396,0.11420638165829744,-0.63578572450788,10,2.0,20,-0.03,100,-0.05,0.4
0.7757444682699743,0.11523654863862842,-0.6421031473634204,10,2.0,20,-0.05,50,-0.03,0.2
0.7700639895949458,0.11424290285487126,-0.6417928082778159,10,2.0,20,-0.05,50,-0.03,0.3
0.7642545273322583,0.11323290770676775,-0.6413613848851661,10,2.0,20,-0.05,50,-0.03,0.4
0.7757444682699743,0.11523654863862842,-0.6421031473634204,10,2.0,20,-0.05,50,-0.05,0.2
0.7700639895949458,0.11424290285487126,-0.6417928082778159,10,2.0,20,-0.05,50,-0.05,0.3
0.7642545273322583,0.11323290770676775,-0.6413613848851661,10,2.0,20,-0.05,50,-0.05,0.4
0.7925181596637413,0.11576962933010249,-0.642010556728032,10,2.0,20,-0.05,100,-0.03,0.2
0.7868137512078596,0.11479165092770227,-0.6415703919316103,10,2.0,20,-0.05,100,-0.03,0.3
0.7809234660126417,0.1137882899276772,-0.6411170268986248,10,2.0,20,-0.05,100,-0.03,0.4
0.7925181596637413,0.11576962933010249,-0.642010556728032,10,2.0,20,-0.05,100,-0.05,0.2
0.7868137512078596,0.11479165092770227,-0.6415703919316103,10,2.0,20,-0.05,100,-0.05,0.3
0.7809234660126417,0.1137882899276772,-0.6411170268986248,10,2.0,20,-0.05,100,-0.05,0.4
0.775392461406552,0.11517345872459028,-0.6421714722473426,10,2.0,40,-0.03,50,-0.03,0.2
0.7693989174994157,0.11412338030671743,-0.6417674107298441,10,2.0,40,-0.03,50,-0.03,0.3
0.7632608183467557,0.11305522883490915,-0.6415808316168832,10,2.0,40,-0.03,50,-0.03,0.4
0.775392461406552,0.11517345872459028,-0.6421714722473426,10,2.0,40,-0.03,50,-0.05,0.2
0.7693989174994157,0.11412338030671743,-0.6417674107298441,10,2.0,40,-0.03,50,-0.05,0.3
0.7632608183467557,0.11305522883490915,-0.6415808316168832,10,2.0,40,-0.03,50,-0.05,0.4
0.7921554519102467,0.11570568970255057,-0.6421045932371096,10,2.0,40,-0.03,100,-0.03,0.2
0.7858988075223321,0.1146323008065746,-0.6418032489685834,10,2.0,40,-0.03,100,-0.03,0.3
0.7795885193383923,0.11355651334874861,-0.6415894019734875,10,2.0,40,-0.03,100,-0.03,0.4
0.7921554519102467,0.11570568970255057,-0.6421045932371096,10,2.0,40,-0.03,100,-0.05,0.2
0.7858988075223321,0.1146323008065746,-0.6418032489685834,10,2.0,40,-0.03,100,-0.05,0.3
0.7795885193383923,0.11355651334874861,-0.6415894019734875,10,2.0,40,-0.03,100,-0.05,0.4
0.7827394310401136,0.11646086291210733,-0.6441447136645531,10,2.0,40,-0.05,50,-0.03,0.2
0.7809922797053693,0.11614623647204403,-0.6447763437074241,10,2.0,40,-0.05,50,-0.03,0.3
0.7791826555660865,0.11582141219549902,-0.6454334810123008,10,2.0,40,-0.05,50,-0.03,0.4
0.7827394310401136,0.11646086291210733,-0.6441447136645531,10,2.0,40,-0.05,50,-0.05,0.2
0.7809922797053693,0.11614623647204403,-0.6447763437074241,10,2.0,40,-0.05,50,-0.05,0.3
0.7791826555660865,0.11582141219549902,-0.6454334810123008,10,2.0,40,-0.05,50,-0.05,0.4
0.7997255532354727,0.1170037144815459,-0.6441784617773478,10,2.0,40,-0.05,100,-0.03,0.2
0.7979076644860413,0.11668220960434494,-0.6448917882528613,10,2.0,40,-0.05,100,-0.03,0.3
0.7960237058324005,0.11635020528231532,-0.6456339555877173,10,2.0,40,-0.05,100,-0.03,0.4
0.7997255532354727,0.1170037144815459,-0.6441784617773478,10,2.0,40,-0.05,100,-0.05,0.2
0.7979076644860413,0.11668220960434494,-0.6448917882528613,10,2.0,40,-0.05,100,-0.05,0.3
0.7960237058324005,0.11635020528231532,-0.6456339555877173,10,2.0,40,-0.05,100,-0.05,0.4
0.785656960239267,0.11698991714827311,-0.6431597830691078,10,2.0,60,-0.03,50,-0.03,0.2
0.7853421319607596,0.11693311852347876,-0.6431295516806591,10,2.0,60,-0.03,50,-0.03,0.3
0.7849126257097411,0.1168572554057441,-0.6433470596337512,10,2.0,60,-0.03,50,-0.03,0.4
0.785656960239267,0.11698991714827311,-0.6431597830691078,10,2.0,60,-0.03,50,-0.05,0.2
0.7853421319607596,0.11693311852347876,-0.6431295516806591,10,2.0,60,-0.03,50,-0.05,0.3
0.7849126257097411,0.1168572554057441,-0.6433470596337512,10,2.0,60,-0.03,50,-0.05,0.4
0.8028692191452537,0.11756302812399855,-0.6429008162296761,10,2.0,60,-0.03,100,-0.03,0.2
0.802399454744313,0.11748094201353565,-0.6430755982571648,10,2.0,60,-0.03,100,-0.03,0.3
0.8019845980537019,0.11740913282471421,-0.6433201597075537,10,2.0,60,-0.03,100,-0.03,0.4
0.8028692191452537,0.11756302812399855,-0.6429008162296761,10,2.0,60,-0.03,100,-0.05,0.2
0.802399454744313,0.11748094201353565,-0.6430755982571648,10,2.0,60,-0.03,100,-0.05,0.3
0.8019845980537019,0.11740913282471421,-0.6433201597075537,10,2.0,60,-0.03,100,-0.05,0.4
0.785775822106994,0.11701076401999533,-0.6431504340597572,10,2.0,60,-0.05,50,-0.03,0.2
0.7856393455696766,0.11698637010471624,-0.6432515893872297,10,2.0,60,-0.05,50,-0.03,0.3
0.7854950740704448,0.11696062808455987,-0.6433569494813256,10,2.0,60,-0.05,50,-0.03,0.4
0.785775822106994,0.11701076401999533,-0.6431504340597572,10,2.0,60,-0.05,50,-0.05,0.2
0.7856393455696766,0.11698637010471624,-0.6432515893872297,10,2.0,60,-0.05,50,-0.05,0.3
0.7854950740704448,0.11696062808455987,-0.6433569494813256,10,2.0,60,-0.05,50,-0.05,0.4
0.8028810803808014,0.11756535155475367,-0.6430365103884054,10,2.0,60,-0.05,100,-0.03,0.2
0.8027396034074433,0.11754056890647302,-0.6431385147082913,10,2.0,60,-0.05,100,-0.03,0.3
0.8025884508530104,0.11751415001576482,-0.6432447594473785,10,2.0,60,-0.05,100,-0.03,0.4
0.8028810803808014,0.11756535155475367,-0.6430365103884054,10,2.0,60,-0.05,100,-0.05,0.2
0.8027396034074433,0.11754056890647302,-0.6431385147082913,10,2.0,60,-0.05,100,-0.05,0.3
0.8025884508530104,0.11751415001576482,-0.6432447594473785,10,2.0,60,-0.05,100,-0.05,0.4
0.7667418200042023,0.1137740729566139,-0.6464346474100244,10,2.5,20,-0.03,50,-0.03,0.2
0.7614191023973924,0.11283951357295474,-0.6447184561242043,10,2.5,20,-0.03,50,-0.03,0.3
0.7559850620950839,0.11189242730115101,-0.6431535073589543,10,2.5,20,-0.03,50,-0.03,0.4
0.7667418200042023,0.1137740729566139,-0.6464346474100244,10,2.5,20,-0.03,50,-0.05,0.2
0.7614191023973924,0.11283951357295474,-0.6447184561242043,10,2.5,20,-0.03,50,-0.05,0.3
0.7559850620950839,0.11189242730115101,-0.6431535073589543,10,2.5,20,-0.03,50,-0.05,0.4
0.7833497389492837,0.11431820243334023,-0.646306973580673,10,2.5,20,-0.03,100,-0.03,0.2
0.7778694676587538,0.1133751775593419,-0.6446612616759306,10,2.5,20,-0.03,100,-0.03,0.3
0.7723851391389901,0.11243845363836713,-0.6430381611474378,10,2.5,20,-0.03,100,-0.03,0.4
0.7833497389492837,0.11431820243334023,-0.646306973580673,10,2.5,20,-0.03,100,-0.05,0.2
0.7778694676587538,0.1133751775593419,-0.6446612616759306,10,2.5,20,-0.03,100,-0.05,0.3
0.7723851391389901,0.11243845363836713,-0.6430381611474378,10,2.5,20,-0.03,100,-0.05,0.4
0.765357186570838,0.11353780466774754,-0.6490139338617802,10,2.5,20,-0.05,50,-0.03,0.2
0.7594189388745648,0.11250030142691902,-0.6488164880661527,10,2.5,20,-0.05,50,-0.03,0.3
0.7533379070261854,0.11144447781381595,-0.6485053339245368,10,2.5,20,-0.05,50,-0.03,0.4
0.765357186570838,0.11353780466774754,-0.6490139338617802,10,2.5,20,-0.05,50,-0.05,0.2
0.7594189388745648,0.11250030142691902,-0.6488164880661527,10,2.5,20,-0.05,50,-0.05,0.3
0.7533379070261854,0.11144447781381595,-0.6485053339245368,10,2.5,20,-0.05,50,-0.05,0.4
0.7818490214206747,0.11406771248098013,-0.6489935586355506,10,2.5,20,-0.05,100,-0.03,0.2
0.775878444972659,0.113045443495152,-0.6486781961440454,10,2.5,20,-0.05,100,-0.03,0.3
0.7697080194979415,0.1119958730281243,-0.6483552459645099,10,2.5,20,-0.05,100,-0.03,0.4
0.7818490214206747,0.11406771248098013,-0.6489935586355506,10,2.5,20,-0.05,100,-0.05,0.2
0.775878444972659,0.113045443495152,-0.6486781961440454,10,2.5,20,-0.05,100,-0.05,0.3
0.7697080194979415,0.1119958730281243,-0.6483552459645099,10,2.5,20,-0.05,100,-0.05,0.4
0.7650210241588192,0.11347762215352741,-0.6490540167223855,10,2.5,40,-0.03,50,-0.03,0.2
0.7587776573844515,0.11238518155986621,-0.6487511356292031,10,2.5,40,-0.03,50,-0.03,0.3
0.7523781853185847,0.11127305663653475,-0.6486637325738995,10,2.5,40,-0.03,50,-0.03,0.4
0.7650210241588192,0.11347762215352741,-0.6490540167223855,10,2.5,40,-0.03,50,-0.05,0.2
0.7587776573844515,0.11238518155986621,-0.6487511356292031,10,2.5,40,-0.03,50,-0.05,0.3
0.7523781853185847,0.11127305663653475,-0.6486637325738995,10,2.5,40,-0.03,50,-0.05,0.4
0.7815027588714162,0.11400673293087471,-0.6490578800429571,10,2.5,40,-0.03,100,-0.03,0.2
0.7749890571469603,0.11289073723639476,-0.6488642333462706,10,2.5,40,-0.03,100,-0.03,0.3
0.7684087584337068,0.11177055198737529,-0.6487604099034503,10,2.5,40,-0.03,100,-0.03,0.4
0.7815027588714162,0.11400673293087471,-0.6490578800429571,10,2.5,40,-0.03,100,-0.05,0.2
0.7749890571469603,0.11289073723639476,-0.6488642333462706,10,2.5,40,-0.03,100,-0.05,0.3
0.7684087584337068,0.11177055198737529,-0.6487604099034503,10,2.5,40,-0.03,100,-0.05,0.4
0.7725837444744056,0.11480259580361074,-0.6509164272327428,10,2.5,40,-0.05,50,-0.03,0.2
0.7707164933095358,0.11446765584744756,-0.6515907796403271,10,2.5,40,-0.05,50,-0.03,0.3
0.7687826735433565,0.11412186318529338,-0.6522922524264494,10,2.5,40,-0.05,50,-0.03,0.4
0.7725837444744056,0.11480259580361074,-0.6509164272327428,10,2.5,40,-0.05,50,-0.05,0.2
0.7707164933095358,0.11446765584744756,-0.6515907796403271,10,2.5,40,-0.05,50,-0.05,0.3
0.7687826735433565,0.11412186318529338,-0.6522922524264494,10,2.5,40,-0.05,50,-0.05,0.4
0.7893014548963518,0.11534385692655369,-0.6510138203951086,10,2.5,40,-0.05,100,-0.03,0.2
0.7873596654328374,0.11500191752353195,-0.6517726652263153,10,2.5,40,-0.05,100,-0.03,0.3
0.7853475990601082,0.11464882184615255,-0.6525620232552809,10,2.5,40,-0.05,100,-0.03,0.4
0.7893014548963518,0.11534385692655369,-0.6510138203951086,10,2.5,40,-0.05,100,-0.05,0.2
0.7873596654328374,0.11500191752353195,-0.6517726652263153,10,2.5,40,-0.05,100,-0.05,0.3
0.7853475990601082,0.11464882184615255,-0.6525620232552809,10,2.5,40,-0.05,100,-0.05,0.4
0.7756953882047691,0.11536446754918406,-0.6499026360243747,10,2.5,60,-0.03,50,-0.03,0.2
0.7753633489000424,0.1153047266270486,-0.6499022201763436,10,2.5,60,-0.03,50,-0.03,0.3
0.7749161963672299,0.1152258351191704,-0.6501458924668045,10,2.5,60,-0.03,50,-0.03,0.4
0.7756953882047691,0.11536446754918406,-0.6499026360243747,10,2.5,60,-0.03,50,-0.05,0.2
0.7753633489000424,0.1153047266270486,-0.6499022201763436,10,2.5,60,-0.03,50,-0.05,0.3
0.7749161963672299,0.1152258351191704,-0.6501458924668045,10,2.5,60,-0.03,50,-0.05,0.4
0.7926434798041901,0.11593583194373647,-0.6497080868033234,10,2.5,60,-0.03,100,-0.03,0.2
0.7921551927865846,0.11585064771944231,-0.6499106145021618,10,2.5,60,-0.03,100,-0.03,0.3
0.7917211274936328,0.11577560460664116,-0.6501826747974244,10,2.5,60,-0.03,100,-0.03,0.4
0.7926434798041901,0.11593583194373647,-0.6497080868033234,10,2.5,60,-0.03,100,-0.05,0.2
0.7921551927865846,0.11585064771944231,-0.6499106145021618,10,2.5,60,-0.03,100,-0.05,0.3
0.7917211274936328,0.11577560460664116,-0.6501826747974244,10,2.5,60,-0.03,100,-0.05,0.4
0.7758468000750742,0.11539096947414662,-0.6498384086958562,10,2.5,60,-0.05,50,-0.03,0.2
0.7757104199137068,0.11536661093286082,-0.6499376681985092,10,2.5,60,-0.05,50,-0.03,0.3
0.7755662545950047,0.11534090624160576,-0.6500410536632243,10,2.5,60,-0.05,50,-0.03,0.4
0.7758468000750742,0.11539096947414662,-0.6498384086958562,10,2.5,60,-0.05,50,-0.05,0.2
0.7757104199137068,0.11536661093286082,-0.6499376681985092,10,2.5,60,-0.05,50,-0.05,0.3
0.7755662545950047,0.11534090624160576,-0.6500410536632243,10,2.5,60,-0.05,50,-0.05,0.4
0.7926901910936878,0.1159440820908404,-0.64978379841372,10,2.5,60,-0.05,100,-0.03,0.2
0.7925488189187447,0.11591933539513355,-0.6498838746581974,10,2.5,60,-0.05,100,-0.03,0.3
0.7923977840390005,0.11589295483072193,-0.6499881111698973,10,2.5,60,-0.05,100,-0.03,0.4
0.7926901910936878,0.1159440820908404,-0.64978379841372,10,2.5,60,-0.05,100,-0.05,0.2
0.7925488189187447,0.11591933539513355,-0.6498838746581974,10,2.5,60,-0.05,100,-0.05,0.3
0.7923977840390005,0.11589295483072193,-0.6499881111698973,10,2.5,60,-0.05,100,-0.05,0.4
0.6916303142612827,0.10101228700910281,-0.5505476460138998,20,1.5,20,-0.03,50,-0.03,0.2
0.6854072680153086,0.09993717643691258,-0.5481677494097867,20,1.5,20,-0.03,50,-0.03,0.3
0.6793046026887026,0.09888847874770468,-0.545964753328134,20,1.5,20,-0.03,50,-0.03,0.4
0.6916303142612827,0.10101228700910281,-0.5505476460138998,20,1.5,20,-0.03,50,-0.05,0.2
0.6854072680153086,0.09993717643691258,-0.5481677494097867,20,1.5,20,-0.03,50,-0.05,0.3
0.6793046026887026,0.09888847874770468,-0.545964753328134,20,1.5,20,-0.03,50,-0.05,0.4
0.7007912474265184,0.10090526383695342,-0.5504622689631589,20,1.5,20,-0.03,100,-0.03,0.2
0.6944374068382396,0.09982663661851277,-0.5481745684409465,20,1.5,20,-0.03,100,-0.03,0.3
0.688281358823615,0.09878725368789776,-0.5459100958639318,20,1.5,20,-0.03,100,-0.03,0.4
0.7007912474265184,0.10090526383695342,-0.5504622689631589,20,1.5,20,-0.03,100,-0.05,0.2
0.6944374068382396,0.09982663661851277,-0.5481745684409465,20,1.5,20,-0.03,100,-0.05,0.3
0.688281358823615,0.09878725368789776,-0.5459100958639318,20,1.5,20,-0.03,100,-0.05,0.4
0.6901939100060016,0.10076786586710962,-0.5542676277197216,20,1.5,20,-0.05,50,-0.03,0.2
0.6833141284354861,0.09958326422868358,-0.5540603741430086,20,1.5,20,-0.05,50,-0.03,0.3
0.6764326587331924,0.09840406138560343,-0.5536956205845336,20,1.5,20,-0.05,50,-0.03,0.4
0.6901939100060016,0.10076786586710962,-0.5542676277197216,20,1.5,20,-0.05,50,-0.05,0.2
0.6833141284354861,0.09958326422868358,-0.5540603741430086,20,1.5,20,-0.05,50,-0.05,0.3
0.6764326587331924,0.09840406138560343,-0.5536956205845336,20,1.5,20,-0.05,50,-0.05,0.4
0.6992500500331209,0.10064789374587257,-0.5543249678491362,20,1.5,20,-0.05,100,-0.03,0.2
0.6923614768060024,0.09948253003672436,-0.5539635891612833,20,1.5,20,-0.05,100,-0.03,0.3
0.68538942120141,0.09830890797255587,-0.5535959308679341,20,1.5,20,-0.05,100,-0.03,0.4
0.6992500500331209,0.10064789374587257,-0.5543249678491362,20,1.5,20,-0.05,100,-0.05,0.2
0.6923614768060024,0.09948253003672436,-0.5539635891612833,20,1.5,20,-0.05,100,-0.05,0.3
0.68538942120141,0.09830890797255587,-0.5535959308679341,20,1.5,20,-0.05,100,-0.05,0.4
0.6896710275919629,0.10067660068029993,-0.5543516816160949,20,1.5,40,-0.03,50,-0.03,0.2
0.6823312200963692,0.09941125553974528,-0.5540220994778777,20,1.5,40,-0.03,50,-0.03,0.3
0.6750095231236837,0.09815558933831658,-0.5539650276302022,20,1.5,40,-0.03,50,-0.03,0.4
0.6896710275919629,0.10067660068029993,-0.5543516816160949,20,1.5,40,-0.03,50,-0.05,0.2
0.6823312200963692,0.09941125553974528,-0.5540220994778777,20,1.5,40,-0.03,50,-0.05,0.3
0.6750095231236837,0.09815558933831658,-0.5539650276302022,20,1.5,40,-0.03,50,-0.05,0.4
0.6987094381103128,0.10055503562321566,-0.5544339111449872,20,1.5,40,-0.03,100,-0.03,0.2
0.6911283091555409,0.09927157176947521,-0.5542468881690001,20,1.5,40,-0.03,100,-0.03,0.3
0.6836392093384269,0.09801004903325672,-0.5541815020128831,20,1.5,40,-0.03,100,-0.03,0.4
0.6987094381103128,0.10055503562321566,-0.5544339111449872,20,1.5,40,-0.03,100,-0.05,0.2
0.6911283091555409,0.09927157176947521,-0.5542468881690001,20,1.5,40,-0.03,100,-0.05,0.3
0.6836392093384269,0.09801004903325672,-0.5541815020128831,20,1.5,40,-0.03,100,-0.05,0.4
0.6986830052908469,0.10222525791570858,-0.556681785088784,20,1.5,40,-0.05,50,-0.03,0.2
0.6964056894138025,0.10182343108128955,-0.5575803755056528,20,1.5,40,-0.05,50,-0.03,0.3
0.6940555324464575,0.10140994246148383,-0.558514693567937,20,1.5,40,-0.05,50,-0.03,0.4
0.6986830052908469,0.10222525791570858,-0.556681785088784,20,1.5,40,-0.05,50,-0.05,0.2
0.6964056894138025,0.10182343108128955,-0.5575803755056528,20,1.5,40,-0.05,50,-0.05,0.3
0.6940555324464575,0.10140994246148383,-0.558514693567937,20,1.5,40,-0.05,50,-0.05,0.4
0.7079575809854581,0.10211456051766876,-0.5569204946079067,20,1.5,40,-0.05,100,-0.03,0.2
0.7056006434610036,0.10170541707848413,-0.5579329724105315,20,1.5,40,-0.05,100,-0.03,0.3
0.7031672147245415,0.10128429721864407,-0.55898567914067,20,1.5,40,-0.05,100,-0.03,0.4
0.7079575809854581,0.10211456051766876,-0.5569204946079067,20,1.5,40,-0.05,100,-0.05,0.2
0.7056006434610036,0.10170541707848413,-0.5579329724105315,20,1.5,40,-0.05,100,-0.05,0.3
0.7031672147245415,0.10128429721864407,-0.55898567914067,20,1.5,40,-0.05,100,-0.05,0.4
0.7024493809438358,0.10289427547881402,-0.5552217511457056,20,1.5,60,-0.03,50,-0.03,0.2
0.7019890100503674,0.10281314738978109,-0.5551673813126481,20,1.5,60,-0.03,50,-0.03,0.3
0.7014404316304231,0.10271761598872331,-0.5554310790013426,20,1.5,60,-0.03,50,-0.03,0.4
0.7024493809438358,0.10289427547881402,-0.5552217511457056,20,1.5,60,-0.03,50,-0.05,0.2
0.7019890100503674,0.10281314738978109,-0.5551673813126481,20,1.5,60,-0.03,50,-0.05,0.3
0.7014404316304231,0.10271761598872331,-0.5554310790013426,20,1.5,60,-0.03,50,-0.05,0.4
0.7119554817114454,0.1028129341065247,-0.5550646715845089,20,1.5,60,-0.03,100,-0.03,0.2
0.7113423142246481,0.10270735361773897,-0.5552717949933161,20,1.5,60,-0.03,100,-0.03,0.3
0.7108161024952718,0.10261727580641233,-0.5555683918067924,20,1.5,60,-0.03,100,-0.03,0.4
0.7119554817114454,0.1028129341065247,-0.5550646715845089,20,1.5,60,-0.03,100,-0.05,0.2
0.7113423142246481,0.10270735361773897,-0.5552717949933161,20,1.5,60,-0.03,100,-0.05,0.3
0.7108161024952718,0.10261727580641233,-0.5555683918067924,20,1.5,60,-0.03,100,-0.05,0.4
0.7025886969355172,0.10291858022773903,-0.5552372259150182,20,1.5,60,-0.05,50,-0.03,0.2
0.7023738083287191,0.1028811390998643,-0.5553657131819921,20,1.5,60,-0.05,50,-0.03,0.3
0.7021487866324123,0.10284196398506817,-0.5554995440381219,20,1.5,60,-0.05,50,-0.03,0.4
0.7025886969355172,0.10291858022773903,-0.5552372259150182,20,1.5,60,-0.05,50,-0.05,0.2
0.7023738083287191,0.1028811390998643,-0.5553657131819921,20,1.5,60,-0.05,50,-0.05,0.3
0.7021487866324123,0.10284196398506817,-0.5554995440381219,20,1.5,60,-0.05,50,-0.05,0.4
0.7119960338282261,0.10282021389887874,-0.5552641789866986,20,1.5,60,-0.05,100,-0.03,0.2
0.7117729692974359,0.10278204530441659,-0.5553936952759787,20,1.5,60,-0.05,100,-0.03,0.3
0.7115393648038534,0.10274210635409364,-0.5555285984090289,20,1.5,60,-0.05,100,-0.03,0.4
0.7119960338282261,0.10282021389887874,-0.5552641789866986,20,1.5,60,-0.05,100,-0.05,0.2
0.7117729692974359,0.10278204530441659,-0.5553936952759787,20,1.5,60,-0.05,100,-0.05,0.3
0.7115393648038534,0.10274210635409364,-0.5555285984090289,20,1.5,60,-0.05,100,-0.05,0.4
0.666594072601199,0.09645642369207352,-0.6575783437302076,20,2.0,20,-0.03,50,-0.03,0.2
0.6613021685538962,0.09554152641957558,-0.6559545392851931,20,2.0,20,-0.03,50,-0.03,0.3
0.6559249017400303,0.09461769593255487,-0.6544676127165184,20,2.0,20,-0.03,50,-0.03,0.4
0.666594072601199,0.09645642369207352,-0.6575783437302076,20,2.0,20,-0.03,50,-0.05,0.2
0.6613021685538962,0.09554152641957558,-0.6559545392851931,20,2.0,20,-0.03,50,-0.05,0.3
0.6559249017400303,0.09461769593255487,-0.6544676127165184,20,2.0,20,-0.03,50,-0.05,0.4
0.6839916123482795,0.0974967774654234,-0.6575209355781877,20,2.0,20,-0.03,100,-0.03,0.2
0.6785646318229678,0.09657668192889624,-0.655962464559187,20,2.0,20,-0.03,100,-0.03,0.3
0.6731304302064672,0.09566131103237807,-0.6544290033411113,20,2.0,20,-0.03,100,-0.03,0.4
0.6839916123482795,0.0974967774654234,-0.6575209355781877,20,2.0,20,-0.03,100,-0.05,0.2
0.6785646318229678,0.09657668192889624,-0.655962464559187,20,2.0,20,-0.03,100,-0.05,0.3
0.6731304302064672,0.09566131103237807,-0.6544290033411113,20,2.0,20,-0.03,100,-0.05,0.4
0.6652578185719245,0.09623116465462611,-0.6600726665308141,20,2.0,20,-0.05,50,-0.03,0.2
0.6593790427947677,0.09521910005349277,-0.6599173779053671,20,2.0,20,-0.05,50,-0.03,0.3
0.6533848661894843,0.09419267887055116,-0.6596420666794327,20,2.0,20,-0.05,50,-0.03,0.4
0.6652578185719245,0.09623116465462611,-0.6600726665308141,20,2.0,20,-0.05,50,-0.05,0.2
0.6593790427947677,0.09521910005349277,-0.6599173779053671,20,2.0,20,-0.05,50,-0.05,0.3
0.6533848661894843,0.09419267887055116,-0.6596420666794327,20,2.0,20,-0.05,50,-0.05,0.4
0.6825400051114116,0.09725727544104035,-0.6601186594876112,20,2.0,20,-0.05,100,-0.03,0.2
0.6766517919166509,0.09626329619612917,-0.6598460254140871,20,2.0,20,-0.05,100,-0.03,0.3
0.6705627959436686,0.09524133385669487,-0.6595686923891462,20,2.0,20,-0.05,100,-0.03,0.4
0.6825400051114116,0.09725727544104035,-0.6601186594876112,20,2.0,20,-0.05,100,-0.05,0.2
0.6766517919166509,0.09626329619612917,-0.6598460254140871,20,2.0,20,-0.05,100,-0.05,0.3
0.6705627959436686,0.09524133385669487,-0.6595686923891462,20,2.0,20,-0.05,100,-0.05,0.4
0.6649152800014949,0.09617097488175319,-0.6601203951244664,20,2.0,40,-0.03,50,-0.03,0.2
0.6587278710224123,0.09510446286384933,-0.6598663976898183,20,2.0,40,-0.03,50,-0.03,0.3
0.6524112723953713,0.0940220662961384,-0.6598131388294994,20,2.0,40,-0.03,50,-0.03,0.4
0.6649152800014949,0.09617097488175319,-0.6601203951244664,20,2.0,40,-0.03,50,-0.05,0.2
0.6587278710224123,0.09510446286384933,-0.6598663976898183,20,2.0,40,-0.03,50,-0.05,0.3
0.6524112723953713,0.0940220662961384,-0.6598131388294994,20,2.0,40,-0.03,50,-0.05,0.4
0.6821883716915645,0.0971965166151556,-0.6601905352669347,20,2.0,40,-0.03,100,-0.03,0.2
0.6757555724589834,0.0961100900445715,-0.6600401957341457,20,2.0,40,-0.03,100,-0.03,0.3
0.6692524652676494,0.09501796580458266,-0.6599807083292022,20,2.0,40,-0.03,100,-0.03,0.4
0.6821883716915645,0.0971965166151556,-0.6601905352669347,20,2.0,40,-0.03,100,-0.05,0.2
0.6757555724589834,0.0961100900445715,-0.6600401957341457,20,2.0,40,-0.03,100,-0.05,0.3
0.6692524652676494,0.09501796580458266,-0.6599807083292022,20,2.0,40,-0.03,100,-0.05,0.4
0.6724312331740354,0.09746763460195029,-0.6619052120312878,20,2.0,40,-0.05,50,-0.03,0.2
0.6706153155521598,0.09714735208283498,-0.6625887946194325,20,2.0,40,-0.05,50,-0.03,0.3
0.6687348803226275,0.09681661460342594,-0.6632996027832563,20,2.0,40,-0.05,50,-0.03,0.4
0.6724312331740354,0.09746763460195029,-0.6619052120312878,20,2.0,40,-0.05,50,-0.05,0.2
0.6706153155521598,0.09714735208283498,-0.6625887946194325,20,2.0,40,-0.05,50,-0.05,0.3
0.6687348803226275,0.09681661460342594,-0.6632996027832563,20,2.0,40,-0.05,50,-0.05,0.4
0.6899313268559542,0.09850450267642397,-0.6620884137968404,20,2.0,40,-0.05,100,-0.03,0.2
0.6880388814471896,0.09817666700952388,-0.6628584730481581,20,2.0,40,-0.05,100,-0.03,0.3
0.686078192824668,0.09783805324189387,-0.6636591821795623,20,2.0,40,-0.05,100,-0.03,0.4
0.6899313268559542,0.09850450267642397,-0.6620884137968404,20,2.0,40,-0.05,100,-0.05,0.2
0.6880388814471896,0.09817666700952388,-0.6628584730481581,20,2.0,40,-0.05,100,-0.05,0.3
0.686078192824668,0.09783805324189387,-0.6636591821795623,20,2.0,40,-0.05,100,-0.05,0.4
0.6754766701842323,0.09800794195749107,-0.6608154748689403,20,2.0,60,-0.03,50,-0.03,0.2
0.6751594331524582,0.09795191190115937,-0.6607882461597646,20,2.0,60,-0.03,50,-0.03,0.3
0.6747286683039585,0.09787714184958363,-0.6609964322019128,20,2.0,60,-0.03,50,-0.03,0.4
0.6754766701842323,0.09800794195749107,-0.6608154748689403,20,2.0,60,-0.03,50,-0.05,0.2
0.6751594331524582,0.09795191190115937,-0.6607882461597646,20,2.0,60,-0.03,50,-0.05,0.3
0.6747286683039585,0.09787714184958363,-0.6609964322019128,20,2.0,60,-0.03,50,-0.05,0.4
0.6932142634576811,0.09907614838821455,-0.6607027770196168,20,2.0,60,-0.03,100,-0.03,0.2
0.6927428306394249,0.09899529036517718,-0.6608698445486767,20,2.0,60,-0.03,100,-0.03,0.3
0.6923270995136223,0.09892454366817627,-0.6611031081360252,20,2.0,60,-0.03,100,-0.03,0.4
0.6932142634576811,0.09907614838821455,-0.6607027770196168,20,2.0,60,-0.03,100,-0.05,0.2
0.6927428306394249,0.09899529036517718,-0.6608698445486767,20,2.0,60,-0.03,100,-0.05,0.3
0.6923270995136223,0.09892454366817627,-0.6611031081360252,20,2.0,60,-0.03,100,-0.05,0.4
0.6755970701853109,0.09802871227513332,-0.6608034196697736,20,2.0,60,-0.05,50,-0.03,0.2
0.6754599543441177,0.09800467316610839,-0.6608995565769281,20,2.0,60,-0.05,50,-0.03,0.3
0.6753150565597023,0.09797930650725073,-0.6609996896896941,20,2.0,60,-0.05,50,-0.03,0.4
0.6755970701853109,0.09802871227513332,-0.6608034196697736,20,2.0,60,-0.05,50,-0.05,0.2
0.6754599543441177,0.09800467316610839,-0.6608995565769281,20,2.0,60,-0.05,50,-0.05,0.3
0.6753150565597023,0.09797930650725073,-0.6609996896896941,20,2.0,60,-0.05,50,-0.05,0.4
0.6932295988125167,0.09907897040688374,-0.6608258255825852,20,2.0,60,-0.05,100,-0.03,0.2
0.6930874688368767,0.09905453746966653,-0.6609227320314899,20,2.0,60,-0.05,100,-0.03,0.3
0.6929356844138416,0.09902849298230532,-0.6610236670183518,20,2.0,60,-0.05,100,-0.03,0.4
0.6932295988125167,0.09907897040688374,-0.6608258255825852,20,2.0,60,-0.05,100,-0.05,0.2
0.6930874688368767,0.09905453746966653,-0.6609227320314899,20,2.0,60,-0.05,100,-0.05,0.3
0.6929356844138416,0.09902849298230532,-0.6610236670183518,20,2.0,60,-0.05,100,-0.05,0.4
0.7117288051121986,0.10425914338342923,-0.6419449874483413,20,2.5,20,-0.03,50,-0.03,0.2
0.7065475927102319,0.10335618074748654,-0.6400988725373081,20,2.5,20,-0.03,50,-0.03,0.3
0.7012541306302271,0.10244006920761572,-0.6384000382367574,20,2.5,20,-0.03,50,-0.03,0.4
0.7117288051121986,0.10425914338342923,-0.6419449874483413,20,2.5,20,-0.03,50,-0.05,0.2
0.7065475927102319,0.10335618074748654,-0.6400988725373081,20,2.5,20,-0.03,50,-0.05,0.3
0.7012541306302271,0.10244006920761572,-0.6384000382367574,20,2.5,20,-0.03,50,-0.05,0.4
0.7271662057916382,0.10480669728435954,-0.6417435977410245,20,2.5,20,-0.03,100,-0.03,0.2
0.7218362502453891,0.10389627195494144,-0.6399588814981332,20,2.5,20,-0.03,100,-0.03,0.3
0.7165013990453046,0.10299138483709691,-0.6381908074057876,20,2.5,20,-0.03,100,-0.03,0.4
0.7271662057916382,0.10480669728435954,-0.6417435977410245,20,2.5,20,-0.03,100,-0.05,0.2
0.7218362502453891,0.10389627195494144,-0.6399588814981332,20,2.5,20,-0.03,100,-0.05,0.3
0.7165013990453046,0.10299138483709691,-0.6381908074057876,20,2.5,20,-0.03,100,-0.05,0.4
0.7103904617079694,0.10403226282599887,-0.6445543099236808,20,2.5,20,-0.05,50,-0.03,0.2
0.7046206415653337,0.10303142343625504,-0.6442460962871857,20,2.5,20,-0.05,50,-0.03,0.3
0.6987091860135356,0.10201206608547597,-0.6438176276253768,20,2.5,20,-0.05,50,-0.03,0.4
0.7103904617079694,0.10403226282599887,-0.6445543099236808,20,2.5,20,-0.05,50,-0.05,0.2
0.7046206415653337,0.10303142343625504,-0.6442460962871857,20,2.5,20,-0.05,50,-0.05,0.3
0.6987091860135356,0.10201206608547597,-0.6438176276253768,20,2.5,20,-0.05,50,-0.05,0.4
0.7257129839030608,0.10456569541673666,-0.6444623423146297,20,2.5,20,-0.05,100,-0.03,0.2
0.7199201342484239,0.10358088400443966,-0.6440251921034814,20,2.5,20,-0.05,100,-0.03,0.3
0.7139289400395188,0.1025686779347208,-0.6435749320610877,20,2.5,20,-0.05,100,-0.03,0.4
0.7257129839030608,0.10456569541673666,-0.6444623423146297,20,2.5,20,-0.05,100,-0.05,0.2
0.7199201342484239,0.10358088400443966,-0.6440251921034814,20,2.5,20,-0.05,100,-0.05,0.3
0.7139289400395188,0.1025686779347208,-0.6435749320610877,20,2.5,20,-0.05,100,-0.05,0.4
0.7100389903344854,0.1039699492107673,-0.6446204566346773,20,2.5,40,-0.03,50,-0.03,0.2
0.7039559103822504,0.10291331580945173,-0.6442182120344735,20,2.5,40,-0.03,50,-0.03,0.3
0.6977161818821899,0.10183646065002927,-0.6440318966157684,20,2.5,40,-0.03,50,-0.03,0.4
0.7100389903344854,0.1039699492107673,-0.6446204566346773,20,2.5,40,-0.03,50,-0.05,0.2
0.7039559103822504,0.10291331580945173,-0.6442182120344735,20,2.5,40,-0.03,50,-0.05,0.3
0.6977161818821899,0.10183646065002927,-0.6440318966157684,20,2.5,40,-0.03,50,-0.05,0.4
0.7253504964937891,0.10450250401613337,-0.6445540204947255,20,2.5,40,-0.03,100,-0.03,0.2
0.7190069754459071,0.10342347913752659,-0.6442537881785185,20,2.5,40,-0.03,100,-0.03,0.3
0.7125965034051611,0.1023396729127648,-0.6440403892738545,20,2.5,40,-0.03,100,-0.03,0.4
0.7253504964937891,0.10450250401613337,-0.6445540204947255,20,2.5,40,-0.03,100,-0.05,0.2
0.7190069754459071,0.10342347913752659,-0.6442537881785185,20,2.5,40,-0.03,100,-0.05,0.3
0.7125965034051611,0.1023396729127648,-0.6440403892738545,20,2.5,40,-0.03,100,-0.05,0.4
0.7174979258394136,0.10526650258917458,-0.6465818657133842,20,2.5,40,-0.05,50,-0.03,0.2
0.7157362263159968,0.10495264971530216,-0.6472091548723806,20,2.5,40,-0.05,50,-0.03,0.3
0.7139117109135419,0.10462859730588314,-0.6478617760689871,20,2.5,40,-0.05,50,-0.03,0.4
0.7174979258394136,0.10526650258917458,-0.6465818657133842,20,2.5,40,-0.05,50,-0.05,0.2
0.7157362263159968,0.10495264971530216,-0.6472091548723806,20,2.5,40,-0.05,50,-0.05,0.3
0.7139117109135419,0.10462859730588314,-0.6478617760689871,20,2.5,40,-0.05,50,-0.05,0.4
0.7330392658881428,0.10581056551606705,-0.6466153714445784,20,2.5,40,-0.05,100,-0.03,0.2
0.7312080009100402,0.10549021680216808,-0.6473237974364449,20,2.5,40,-0.05,100,-0.03,0.3
0.7293104247984611,0.10515938162474137,-0.6480608662369483,20,2.5,40,-0.05,100,-0.03,0.4
0.7330392658881428,0.10581056551606705,-0.6466153714445784,20,2.5,40,-0.05,100,-0.05,0.2
0.7312080009100402,0.10549021680216808,-0.6473237974364449,20,2.5,40,-0.05,100,-0.05,0.3
0.7293104247984611,0.10515938162474137,-0.6480608662369483,20,2.5,40,-0.05,100,-0.05,0.4
0.7204431912427175,0.10579465166989332,-0.6456032920867931,20,2.5,60,-0.03,50,-0.03,0.2
0.7201277216638893,0.10573839418909103,-0.6455730282093827,20,2.5,60,-0.03,50,-0.03,0.3
0.7196983214692899,0.10566325878429694,-0.6457887854108827,20,2.5,60,-0.03,50,-0.03,0.4
0.7204431912427175,0.10579465166989332,-0.6456032920867931,20,2.5,60,-0.03,50,-0.05,0.2
0.7201277216638893,0.10573839418909103,-0.6455730282093827,20,2.5,60,-0.03,50,-0.05,0.3
0.7196983214692899,0.10566325878429694,-0.6457887854108827,20,2.5,60,-0.03,50,-0.05,0.4
0.736208329634733,0.10636808700172207,-0.6453460838879177,20,2.5,60,-0.03,100,-0.03,0.2
0.7357382597537239,0.10628679676544328,-0.645519427610869,20,2.5,60,-0.03,100,-0.03,0.3
0.7353234995104176,0.10621567545586963,-0.6457620510479898,20,2.5,60,-0.03,100,-0.03,0.4
0.736208329634733,0.10636808700172207,-0.6453460838879177,20,2.5,60,-0.03,100,-0.05,0.2
0.7357382597537239,0.10628679676544328,-0.645519427610869,20,2.5,60,-0.03,100,-0.05,0.3
0.7353234995104176,0.10621567545586963,-0.6457620510479898,20,2.5,60,-0.03,100,-0.05,0.4
0.7205614851737367,0.10581522093749696,-0.6455943958001924,20,2.5,60,-0.05,50,-0.03,0.2
0.7204246085316133,0.10579101135867686,-0.6456948433301564,20,2.5,60,-0.05,50,-0.03,0.3
0.7202799456484249,0.10576546481589877,-0.6457994662491006,20,2.5,60,-0.05,50,-0.03,0.4
0.7205614851737367,0.10581522093749696,-0.6455943958001924,20,2.5,60,-0.05,50,-0.05,0.2
0.7204246085316133,0.10579101135867686,-0.6456948433301564,20,2.5,60,-0.05,50,-0.05,0.3
0.7202799456484249,0.10576546481589877,-0.6457994662491006,20,2.5,60,-0.05,50,-0.05,0.4
0.7362198929580352,0.10637031282369991,-0.6454812410751088,20,2.5,60,-0.05,100,-0.03,0.2
0.7360780033153669,0.1063457177972098,-0.6455825316702921,20,2.5,60,-0.05,100,-0.03,0.3
0.7359264535062486,0.10631950052947392,-0.6456880330585864,20,2.5,60,-0.05,100,-0.03,0.4
0.7362198929580352,0.10637031282369991,-0.6454812410751088,20,2.5,60,-0.05,100,-0.05,0.2
0.7360780033153669,0.1063457177972098,-0.6455825316702921,20,2.5,60,-0.05,100,-0.05,0.3
0.7359264535062486,0.10631950052947392,-0.6456880330585864,20,2.5,60,-0.05,100,-0.05,0.4
0.6502160855268049,0.09344671930055348,-0.55599152778566,30,1.5,20,-0.03,50,-0.03,0.2
0.6440046696662425,0.09238616777427722,-0.5536347287249574,30,1.5,20,-0.03,50,-0.03,0.3
0.6379122692679545,0.09135112256239264,-0.5514563854328525,30,1.5,20,-0.03,50,-0.03,0.4
0.6502160855268049,0.09344671930055348,-0.55599152778566,30,1.5,20,-0.03,50,-0.05,0.2
0.6440046696662425,0.09238616777427722,-0.5536347287249574,30,1.5,20,-0.03,50,-0.05,0.3
0.6379122692679545,0.09135112256239264,-0.5514563854328525,30,1.5,20,-0.03,50,-0.05,0.4
0.6710908819188933,0.09589581497716027,-0.555902786223504,30,1.5,20,-0.03,100,-0.03,0.2
0.664774524666182,0.0948280144318896,-0.5536416541349521,30,1.5,20,-0.03,100,-0.03,0.3
0.6586613145513528,0.09379988802691086,-0.5514027050917518,30,1.5,20,-0.03,100,-0.03,0.4
0.6710908819188933,0.09589581497716027,-0.555902786223504,30,1.5,20,-0.03,100,-0.05,0.2
0.664774524666182,0.0948280144318896,-0.5536416541349521,30,1.5,20,-0.03,100,-0.05,0.3
0.6586613145513528,0.09379988802691086,-0.5514027050917518,30,1.5,20,-0.03,100,-0.05,0.4
0.6487080511692291,0.09319301826964255,-0.5596794099946426,30,1.5,20,-0.05,50,-0.03,0.2
0.6417763392197119,0.09201334814734996,-0.5594746214495179,30,1.5,20,-0.05,50,-0.03,0.3
0.63485890662225,0.09084138825247345,-0.5591142423135047,30,1.5,20,-0.05,50,-0.03,0.4
0.6487080511692291,0.09319301826964255,-0.5596794099946426,30,1.5,20,-0.05,50,-0.05,0.2
0.6417763392197119,0.09201334814734996,-0.5594746214495179,30,1.5,20,-0.05,50,-0.05,0.3
0.63485890662225,0.09084138825247345,-0.5591142423135047,30,1.5,20,-0.05,50,-0.05,0.4
0.6694758449037501,0.09562716404209382,-0.5597361458604893,30,1.5,20,-0.05,100,-0.03,0.2
0.6625708656984973,0.09446388881779266,-0.5593791035509394,30,1.5,20,-0.05,100,-0.03,0.3
0.6555982370060801,0.09329474674326943,-0.5590158550108005,30,1.5,20,-0.05,100,-0.03,0.4
0.6694758449037501,0.09562716404209382,-0.5597361458604893,30,1.5,20,-0.05,100,-0.05,0.2
0.6625708656984973,0.09446388881779266,-0.5593791035509394,30,1.5,20,-0.05,100,-0.05,0.3
0.6555982370060801,0.09329474674326943,-0.5590158550108005,30,1.5,20,-0.05,100,-0.05,0.4
0.6482710920196161,0.09311729512992528,-0.559766708663056,30,1.5,40,-0.03,50,-0.03,0.2
0.640949794362106,0.0918698059197256,-0.559444479989863,30,1.5,40,-0.03,50,-0.03,0.3
0.6336450332347987,0.090631209247795,-0.5593953595412641,30,1.5,40,-0.03,50,-0.03,0.4
0.6482710920196161,0.09311729512992528,-0.559766708663056,30,1.5,40,-0.03,50,-0.05,0.2
0.640949794362106,0.0918698059197256,-0.559444479989863,30,1.5,40,-0.03,50,-0.05,0.3
0.6336450332347987,0.090631209247795,-0.5593953595412641,30,1.5,40,-0.03,50,-0.05,0.4
0.669033841877701,0.09555114714384394,-0.5598435404770009,30,1.5,40,-0.03,100,-0.03,0.2
0.661503125003296,0.09428143184534443,-0.5596667322004201,30,1.5,40,-0.03,100,-0.03,0.3
0.6540699748040703,0.09303417389697644,-0.5596095280369795,30,1.5,40,-0.03,100,-0.03,0.4
0.669033841877701,0.09555114714384394,-0.5598435404770009,30,1.5,40,-0.03,100,-0.05,0.2
0.661503125003296,0.09428143184534443,-0.5596667322004201,30,1.5,40,-0.03,100,-0.05,0.3
0.6540699748040703,0.09303417389697644,-0.5596095280369795,30,1.5,40,-0.03,100,-0.05,0.4
0.6573022578802448,0.09465179938270896,-0.5620637135386721,30,1.5,40,-0.05,50,-0.03,0.2
0.6550101392256698,0.09425276939853466,-0.5629510121580132,30,1.5,40,-0.05,50,-0.03,0.3
0.6526461617802212,0.09384233946860565,-0.5638735587160759,30,1.5,40,-0.05,50,-0.03,0.4
0.6573022578802448,0.09465179938270896,-0.5620637135386721,30,1.5,40,-0.05,50,-0.05,0.2
0.6550101392256698,0.09425276939853466,-0.5629510121580132,30,1.5,40,-0.05,50,-0.05,0.3
0.6526461617802212,0.09384233946860565,-0.5638735587160759,30,1.5,40,-0.05,50,-0.05,0.4
0.6782451686996714,0.0970986234378255,-0.562299611603524,30,1.5,40,-0.05,100,-0.03,0.2
0.6758860061417619,0.0966913990556666,-0.5632994118130963,30,1.5,40,-0.05,100,-0.03,0.3
0.6734516987216003,0.09627243563430543,-0.5643389062130699,30,1.5,40,-0.05,100,-0.03,0.4
0.6782451686996714,0.0970986234378255,-0.562299611603524,30,1.5,40,-0.05,100,-0.05,0.2
0.6758860061417619,0.0966913990556666,-0.5632994118130963,30,1.5,40,-0.05,100,-0.05,0.3
0.6734516987216003,0.09627243563430543,-0.5643389062130699,30,1.5,40,-0.05,100,-0.05,0.4
0.6611469669701522,0.09532484858009949,-0.5606316746768845,30,1.5,60,-0.03,50,-0.03,0.2
0.6607364787288346,0.09525318836358987,-0.5605842092361473,30,1.5,60,-0.03,50,-0.03,0.3
0.6602186081269539,0.095163965707866,-0.5608550932837983,30,1.5,60,-0.03,50,-0.03,0.4
0.6611469669701522,0.09532484858009949,-0.5606316746768845,30,1.5,60,-0.03,50,-0.05,0.2
0.6607364787288346,0.09525318836358987,-0.5605842092361473,30,1.5,60,-0.03,50,-0.05,0.3
0.6602186081269539,0.095163965707866,-0.5608550932837983,30,1.5,60,-0.03,50,-0.05,0.4
0.6823095002032175,0.09780386676590824,-0.5604721412516909,30,1.5,60,-0.03,100,-0.03,0.2
0.6817420320088934,0.09770640683314102,-0.5606875399238742,30,1.5,60,-0.03,100,-0.03,0.3
0.6812243105093702,0.09761815952305541,-0.5609910451455156,30,1.5,60,-0.03,100,-0.03,0.4
0.6823095002032175,0.09780386676590824,-0.5604721412516909,30,1.5,60,-0.03,100,-0.05,0.2
0.6817420320088934,0.09770640683314102,-0.5606875399238742,30,1.5,60,-0.03,100,-0.05,0.3
0.6812243105093702,0.09761815952305541,-0.5609910451455156,30,1.5,60,-0.03,100,-0.05,0.4
0.6612790477624461,0.09534750255370517,-0.5606468472616191,30,1.5,60,-0.05,50,-0.03,0.2
0.6610850243610187,0.09531389818283587,-0.5607788599759337,30,1.5,60,-0.05,50,-0.03,0.3
0.6608815111311891,0.09527867890381003,-0.5609163587967818,30,1.5,60,-0.05,50,-0.03,0.4
0.6612790477624461,0.09534750255370517,-0.5606468472616191,30,1.5,60,-0.05,50,-0.05,0.2
0.6610850243610187,0.09531389818283587,-0.5607788599759337,30,1.5,60,-0.05,50,-0.05,0.3
0.6608815111311891,0.09527867890381003,-0.5609163587967818,30,1.5,60,-0.05,50,-0.05,0.4
0.6823337272607111,0.09780819762474446,-0.5606736370632621,30,1.5,60,-0.05,100,-0.03,0.2
0.682133077287793,0.09777379540529241,-0.5608067049023688,30,1.5,60,-0.05,100,-0.03,0.3
0.6819225934961266,0.09773773786892148,-0.5609453031616849,30,1.5,60,-0.05,100,-0.03,0.4
0.6823337272607111,0.09780819762474446,-0.5606736370632621,30,1.5,60,-0.05,100,-0.05,0.2
0.682133077287793,0.09777379540529241,-0.5608067049023688,30,1.5,60,-0.05,100,-0.05,0.3
0.6819225934961266,0.09773773786892148,-0.5609453031616849,30,1.5,60,-0.05,100,-0.05,0.4
0.6800940148224668,0.09862167510217557,-0.6156036350629148,30,2.0,20,-0.03,50,-0.03,0.2
0.6739387993410669,0.09756486802001074,-0.6135780192882732,30,2.0,20,-0.03,50,-0.03,0.3
0.667854662212276,0.09652596005867675,-0.6117008343491317,30,2.0,20,-0.03,50,-0.03,0.4
0.6800940148224668,0.09862167510217557,-0.6156036350629148,30,2.0,20,-0.03,50,-0.05,0.2
0.6739387993410669,0.09756486802001074,-0.6135780192882732,30,2.0,20,-0.03,50,-0.05,0.3
0.667854662212276,0.09652596005867675,-0.6117008343491317,30,2.0,20,-0.03,50,-0.05,0.4
0.697815944104407,0.09965829707176921,-0.6155355987384451,30,2.0,20,-0.03,100,-0.03,0.2
0.6915095519603565,0.09859714867113589,-0.6135869923737767,30,2.0,20,-0.03,100,-0.03,0.3
0.6853492266402786,0.09756642988121733,-0.6116576035030485,30,2.0,20,-0.03,100,-0.03,0.4
0.697815944104407,0.09965829707176921,-0.6155355987384451,30,2.0,20,-0.03,100,-0.05,0.2
0.6915095519603565,0.09859714867113589,-0.6135869923737767,30,2.0,20,-0.03,100,-0.05,0.3
0.6853492266402786,0.09756642988121733,-0.6116576035030485,30,2.0,20,-0.03,100,-0.05,0.4
0.6785899874797137,0.09836752326999032,-0.6187787243678262,30,2.0,20,-0.05,50,-0.03,0.2
0.6717518873428161,0.09719764071650983,-0.6186045714767372,30,2.0,20,-0.05,50,-0.03,0.3
0.6648563689235286,0.09602356883207186,-0.6182958157915848,30,2.0,20,-0.05,50,-0.03,0.4
0.6785899874797137,0.09836752326999032,-0.6187787243678262,30,2.0,20,-0.05,50,-0.05,0.2
0.6717518873428161,0.09719764071650983,-0.6186045714767372,30,2.0,20,-0.05,50,-0.05,0.3
0.6648563689235286,0.09602356883207186,-0.6182958157915848,30,2.0,20,-0.05,50,-0.05,0.4
0.6962008747202851,0.09939127556949923,-0.6188303488972984,30,2.0,20,-0.05,100,-0.03,0.2
0.6893294311742799,0.09823936959849666,-0.6185245956172665,30,2.0,20,-0.05,100,-0.03,0.3
0.6823162799015545,0.09706962952090392,-0.6182135725637599,30,2.0,20,-0.05,100,-0.03,0.4
0.6962008747202851,0.09939127556949923,-0.6188303488972984,30,2.0,20,-0.05,100,-0.05,0.2
0.6893294311742799,0.09823936959849666,-0.6185245956172665,30,2.0,20,-0.05,100,-0.05,0.3
0.6823162799015545,0.09706962952090392,-0.6182135725637599,30,2.0,20,-0.05,100,-0.05,0.4
0.6781890056526165,0.09829734678103552,-0.6188200985877789,30,2.0,40,-0.03,50,-0.03,0.2
0.6709501864941632,0.09705712024015267,-0.6185279037869968,30,2.0,40,-0.03,50,-0.03,0.3
0.6636838380110851,0.09581877174180464,-0.6184646919874146,30,2.0,40,-0.03,50,-0.03,0.4
0.6781890056526165,0.09829734678103552,-0.6188200985877789,30,2.0,40,-0.03,50,-0.05,0.2
0.6709501864941632,0.09705712024015267,-0.6185279037869968,30,2.0,40,-0.03,50,-0.05,0.3
0.6636838380110851,0.09581877174180464,-0.6184646919874146,30,2.0,40,-0.03,50,-0.05,0.4
0.6957812139735085,0.09931909722085708,-0.6188951726702148,30,2.0,40,-0.03,100,-0.03,0.2
0.6882762695464494,0.09805975586973137,-0.6187229016034921,30,2.0,40,-0.03,100,-0.03,0.3
0.6807982985693416,0.09681134471586605,-0.6186527957551727,30,2.0,40,-0.03,100,-0.03,0.4
0.6957812139735085,0.09931909722085708,-0.6188951726702148,30,2.0,40,-0.03,100,-0.05,0.2
0.6882762695464494,0.09805975586973137,-0.6187229016034921,30,2.0,40,-0.03,100,-0.05,0.3
0.6807982985693416,0.09681134471586605,-0.6186527957551727,30,2.0,40,-0.03,100,-0.05,0.4
0.6869832905917651,0.09979943344519837,-0.6208326295768195,30,2.0,40,-0.05,50,-0.03,0.2
0.6847627986172435,0.09941009655494293,-0.6215985559596293,30,2.0,40,-0.05,50,-0.03,0.3
0.6824672215727551,0.09900877287264964,-0.622394967727884,30,2.0,40,-0.05,50,-0.03,0.4
0.6869832905917651,0.09979943344519837,-0.6208326295768195,30,2.0,40,-0.05,50,-0.05,0.2
0.6847627986172435,0.09941009655494293,-0.6215985559596293,30,2.0,40,-0.05,50,-0.05,0.3
0.6824672215727551,0.09900877287264964,-0.622394967727884,30,2.0,40,-0.05,50,-0.05,0.4
0.7048447752218016,0.10083406114537641,-0.6210381201343185,30,2.0,40,-0.05,100,-0.03,0.2
0.7025382139393054,0.10043705047264884,-0.6219010226090468,30,2.0,40,-0.05,100,-0.03,0.3
0.7001524927078744,0.10002772737912347,-0.6227982505857752,30,2.0,40,-0.05,100,-0.03,0.4
0.7048447752218016,0.10083406114537641,-0.6210381201343185,30,2.0,40,-0.05,100,-0.05,0.2
0.7025382139393054,0.10043705047264884,-0.6219010226090468,30,2.0,40,-0.05,100,-0.05,0.3
0.7001524927078744,0.10002772737912347,-0.6227982505857752,30,2.0,40,-0.05,100,-0.05,0.4
0.6906390861849865,0.10044478004048862,-0.6195911612408467,30,2.0,60,-0.03,50,-0.03,0.2
0.6901761521287283,0.10036365489142063,-0.6195488723375111,30,2.0,60,-0.03,50,-0.03,0.3
0.6896303240340715,0.10026919422975866,-0.6197743346396947,30,2.0,60,-0.03,50,-0.03,0.4
0.6906390861849865,0.10044478004048862,-0.6195911612408467,30,2.0,60,-0.03,50,-0.05,0.2
0.6901761521287283,0.10036365489142063,-0.6195488723375111,30,2.0,60,-0.03,50,-0.05,0.3
0.6896303240340715,0.10026919422975866,-0.6197743346396947,30,2.0,60,-0.03,50,-0.05,0.4
0.7087408982000966,0.10150900815502983,-0.6194612021963646,30,2.0,60,-0.03,100,-0.03,0.2
0.7081241195800729,0.10140367348911572,-0.6196404628611594,30,2.0,60,-0.03,100,-0.03,0.3
0.7075988329848045,0.10131453325906747,-0.6198941389211124,30,2.0,60,-0.03,100,-0.03,0.4
0.7087408982000966,0.10150900815502983,-0.6194612021963646,30,2.0,60,-0.03,100,-0.05,0.2
0.7081241195800729,0.10140367348911572,-0.6196404628611594,30,2.0,60,-0.03,100,-0.05,0.3
0.7075988329848045,0.10131453325906747,-0.6198941389211124,30,2.0,60,-0.03,100,-0.05,0.4
0.6907726333689955,0.10046806005216635,-0.6196047301353043,30,2.0,60,-0.05,50,-0.03,0.2
0.6905582400593696,0.10043098782234017,-0.6197160111299358,30,2.0,60,-0.05,50,-0.03,0.3
0.6903337662054307,0.10039220340451838,-0.6198319168522163,30,2.0,60,-0.05,50,-0.03,0.4
0.6907726333689955,0.10046806005216635,-0.6196047301353043,30,2.0,60,-0.05,50,-0.05,0.2
0.6905582400593696,0.10043098782234017,-0.6197160111299358,30,2.0,60,-0.05,50,-0.05,0.3
0.6903337662054307,0.10039220340451838,-0.6198319168522163,30,2.0,60,-0.05,50,-0.05,0.4
0.7087770037775117,0.10151562839748474,-0.6196299517108019,30,2.0,60,-0.05,100,-0.03,0.2
0.7085536309430658,0.10147779290982961,-0.6197421222082089,30,2.0,60,-0.05,100,-0.03,0.3
0.7083197301326648,0.10143820730591546,-0.619858954799932,30,2.0,60,-0.05,100,-0.03,0.4
0.7087770037775117,0.10151562839748474,-0.6196299517108019,30,2.0,60,-0.05,100,-0.05,0.2
0.7085536309430658,0.10147779290982961,-0.6197421222082089,30,2.0,60,-0.05,100,-0.05,0.3
0.7083197301326648,0.10143820730591546,-0.619858954799932,30,2.0,60,-0.05,100,-0.05,0.4
0.7483026267640631,0.11055554210282503,-0.6466156052238234,30,2.5,20,-0.03,50,-0.03,0.2
0.7431320264766348,0.10964909530373923,-0.6447731756511056,30,2.5,20,-0.03,50,-0.03,0.3
0.7378475435232272,0.10872956754139151,-0.6430791665998521,30,2.5,20,-0.03,50,-0.03,0.4
0.7483026267640631,0.11055554210282503,-0.6466156052238234,30,2.5,20,-0.03,50,-0.05,0.2
0.7431320264766348,0.10964909530373923,-0.6447731756511056,30,2.5,20,-0.03,50,-0.05,0.3
0.7378475435232272,0.10872956754139151,-0.6430791665998521,30,2.5,20,-0.03,50,-0.05,0.4
0.7645629989389571,0.11110692201028294,-0.6464135399628262,30,2.5,20,-0.03,100,-0.03,0.2
0.7592418327636997,0.11019257379849856,-0.6446350686681748,30,2.5,20,-0.03,100,-0.03,0.3
0.7539163908825102,0.10928431585799725,-0.6428727878292961,30,2.5,20,-0.03,100,-0.03,0.4
0.7645629989389571,0.11110692201028294,-0.6464135399628262,30,2.5,20,-0.03,100,-0.05,0.2
0.7592418327636997,0.11019257379849856,-0.6446350686681748,30,2.5,20,-0.03,100,-0.05,0.3
0.7539163908825102,0.10928431585799725,-0.6428727878292961,30,2.5,20,-0.03,100,-0.05,0.4
0.7469311919370608,0.11032242864877806,-0.6492277448693211,30,2.5,20,-0.05,50,-0.03,0.2
0.7411591913060367,0.10931588702918416,-0.64892358365608,30,2.5,20,-0.05,50,-0.03,0.3
0.7352435306586366,0.1082907219434468,-0.6485007485424397,30,2.5,20,-0.05,50,-0.03,0.4
0.7469311919370608,0.11032242864877806,-0.6492277448693211,30,2.5,20,-0.05,50,-0.05,0.2
0.7411591913060367,0.10931588702918416,-0.64892358365608,30,2.5,20,-0.05,50,-0.05,0.3
0.7352435306586366,0.1082907219434468,-0.6485007485424397,30,2.5,20,-0.05,50,-0.05,0.4
0.7630733312234717,0.11085922877320198,-0.6491370273352126,30,2.5,20,-0.05,100,-0.03,0.2
0.757278538883085,0.10986880615688288,-0.6487056248683591,30,2.5,20,-0.05,100,-0.03,0.3
0.7512832372949866,0.10885083279537744,-0.6482612849411212,30,2.5,20,-0.05,100,-0.03,0.4
0.7630733312234717,0.11085922877320198,-0.6491370273352126,30,2.5,20,-0.05,100,-0.05,0.2
0.757278538883085,0.10986880615688288,-0.6487056248683591,30,2.5,20,-0.05,100,-0.05,0.3
0.7512832372949866,0.10885083279537744,-0.6482612849411212,30,2.5,20,-0.05,100,-0.05,0.4
0.7466228301073929,0.11026692660196358,-0.6492818406437219,30,2.5,40,-0.03,50,-0.03,0.2
0.7405558014746568,0.10920715161663663,-0.6488781225608061,30,2.5,40,-0.03,50,-0.03,0.3
0.7343307895270951,0.10812726331254074,-0.6486910430723452,30,2.5,40,-0.03,50,-0.03,0.4
0.7466228301073929,0.11026692660196358,-0.6492818406437219,30,2.5,40,-0.03,50,-0.05,0.2
0.7405558014746568,0.10920715161663663,-0.6488781225608061,30,2.5,40,-0.03,50,-0.05,0.3
0.7343307895270951,0.10812726331254074,-0.6486910430723452,30,2.5,40,-0.03,50,-0.05,0.4
0.7627573556845146,0.11080322658478292,-0.6492129723405742,30,2.5,40,-0.03,100,-0.03,0.2
0.7564278018210686,0.10972053266633108,-0.6489133036845404,30,2.5,40,-0.03,100,-0.03,0.3
0.7500324042885785,0.10863363494240263,-0.6486995782480692,30,2.5,40,-0.03,100,-0.03,0.4
0.7627573556845146,0.11080322658478292,-0.6492129723405742,30,2.5,40,-0.03,100,-0.05,0.2
0.7564278018210686,0.10972053266633108,-0.6489133036845404,30,2.5,40,-0.03,100,-0.05,0.3
0.7500324042885785,0.10863363494240263,-0.6486995782480692,30,2.5,40,-0.03,100,-0.05,0.4
0.7540409975573465,0.1115636274867946,-0.6512274872081621,30,2.5,40,-0.05,50,-0.03,0.2
0.7522811747715399,0.11124790645159255,-0.6518458871794849,30,2.5,40,-0.05,50,-0.03,0.3
0.7504582960523749,0.11092192712206317,-0.6524892420472541,30,2.5,40,-0.05,50,-0.03,0.4
0.7540409975573465,0.1115636274867946,-0.6512274872081621,30,2.5,40,-0.05,50,-0.05,0.2
0.7522811747715399,0.11124790645159255,-0.6518458871794849,30,2.5,40,-0.05,50,-0.05,0.3
0.7504582960523749,0.11092192712206317,-0.6524892420472541,30,2.5,40,-0.05,50,-0.05,0.4
0.770402499727575,0.11211111814047081,-0.6512605828739959,30,2.5,40,-0.05,100,-0.03,0.2
0.7685734738752628,0.11178886382954922,-0.6519590473575775,30,2.5,40,-0.05,100,-0.03,0.3
0.7666778657886004,0.1114560626870491,-0.6526857337610763,30,2.5,40,-0.05,100,-0.03,0.4
0.770402499727575,0.11211111814047081,-0.6512605828739959,30,2.5,40,-0.05,100,-0.05,0.2
0.7685734738752628,0.11178886382954922,-0.6519590473575775,30,2.5,40,-0.05,100,-0.05,0.3
0.7666778657886004,0.1114560626870491,-0.6526857337610763,30,2.5,40,-0.05,100,-0.05,0.4
0.7569912031959294,0.11209627088026064,-0.6502439885044344,30,2.5,60,-0.03,50,-0.03,0.2
0.7566761450638112,0.1120394955624473,-0.650203316901428,30,2.5,60,-0.03,50,-0.03,0.3
0.7562469752042339,0.11196382562038032,-0.6504088689168093,30,2.5,60,-0.03,50,-0.03,0.4
0.7569912031959294,0.11209627088026064,-0.6502439885044344,30,2.5,60,-0.03,50,-0.05,0.2
0.7566761450638112,0.1120394955624473,-0.650203316901428,30,2.5,60,-0.03,50,-0.05,0.3
0.7562469752042339,0.11196382562038032,-0.6504088689168093,30,2.5,60,-0.03,50,-0.05,0.4
0.7735784070399919,0.11267368010680245,-0.6499868702872224,30,2.5,60,-0.03,100,-0.03,0.2
0.7731063213900778,0.1125913307312778,-0.6501504826651285,30,2.5,60,-0.03,100,-0.03,0.3
0.7726917419836699,0.11251967819647435,-0.6503826274678273,30,2.5,60,-0.03,100,-0.03,0.4
0.7735784070399919,0.11267368010680245,-0.6499868702872224,30,2.5,60,-0.03,100,-0.05,0.2
0.7731063213900778,0.1125913307312778,-0.6501504826651285,30,2.5,60,-0.03,100,-0.05,0.3
0.7726917419836699,0.11251967819647435,-0.6503826274678273,30,2.5,60,-0.03,100,-0.05,0.4
0.757095370261448,0.11211467588369284,-0.6502601149107787,30,2.5,60,-0.05,50,-0.03,0.2
0.7569558977932813,0.11208981937118212,-0.6503624279660623,30,2.5,60,-0.05,50,-0.03,0.3
0.7568085168747886,0.11206359750497352,-0.650468993050338,30,2.5,60,-0.05,50,-0.03,0.4
0.757095370261448,0.11211467588369284,-0.6502601149107787,30,2.5,60,-0.05,50,-0.05,0.2
0.7569558977932813,0.11208981937118212,-0.6503624279660623,30,2.5,60,-0.05,50,-0.05,0.3
0.7568085168747886,0.11206359750497352,-0.650468993050338,30,2.5,60,-0.05,50,-0.05,0.4
0.7735730330918136,0.11267325152924501,-0.6501485365448104,30,2.5,60,-0.05,100,-0.03,0.2
0.7734284870831727,0.11264800324863988,-0.6502517071620825,30,2.5,60,-0.05,100,-0.03,0.3
0.773274152556011,0.1126211025405206,-0.6503591658155105,30,2.5,60,-0.05,100,-0.03,0.4
0.7735730330918136,0.11267325152924501,-0.6501485365448104,30,2.5,60,-0.05,100,-0.05,0.2
0.7734284870831727,0.11264800324863988,-0.6502517071620825,30,2.5,60,-0.05,100,-0.05,0.3
0.773274152556011,0.1126211025405206,-0.6503591658155105,30,2.5,60,-0.05,100,-0.05,0.4
